Crop,Baseline_Yield_kg_per_ha,Warming_Sensitivity_%_per_C,Drought_Sensitivity_%_per_40%,Flood_Sensitivity_%_per_40%,Overall_Sensitivity
Cassava,9825.47172809444,-8.52991383460922,-0.42075934580761426,0.05813471620759634,3.002935965541477
Yam,10358.227760383745,-5.034891231879045,-0.24838092551645602,0.14908255242290996,1.8107849032728038
Rice,1975.8716738692058,-3.2955186371648946,-0.15408342867620115,-0.3332657201727178,1.2609559286712713
Maize,1760.0671770511024,-1.4106049585450897,-0.12991050681260713,-0.1364435804754051,0.558986348611034
