Crop,Baseline_Yield_kg_per_ha,Warming_Sensitivity_%_per_C,Drought_Sensitivity_%_per_40%,Flood_Sensitivity_%_per_40%,Overall_Sensitivity
Cassava,9825.47172809444,-29.593894835430458,-1.3045405152859115,10.859857717725376,13.919431022813916
Rice,1975.8716738692058,-28.56778716647721,-1.8186751459925827,-2.399420876301829,10.92862772959054
Maize,1760.0671770511024,-26.615985076918413,-1.7356010374421864,-2.3972075422925054,10.249597885551035
Yam,10358.227760383745,-6.223630532338183,-0.1641865524671429,8.730067193047562,5.039294759284296
