Region,Baseline_Yield_kg_per_ha,Baseline_Stability_CV,Extreme_Scenario_Change_%,Drought_Scenario_Change_%,Warming_Scenario_Change_%,Food_Security_Risk_Score
North-Central,7359.873758984188,0.9348782376465689,-51.136445865698356,-33.66203964084543,-41.87490527907585,1.0
North-East,4843.7263070804975,0.7447788462667638,-36.88651084051496,-16.77288423008168,-41.94789144473601,1.0
North-West,4633.967930029292,0.7001499882817452,-35.68862577319537,-28.248038380274625,-40.05407370217945,1.0
South-East,7157.0736830928045,0.8654003046496209,-50.218093425645115,-35.618252303607015,-34.90726699815029,1.0
South-South,5237.450267789741,0.7585616596841428,-59.72630594245665,-48.391882983333836,-37.94573479227641,1.0
South-West,6647.365562121218,0.7879076826766417,-54.38190388373246,-45.39156261207431,-34.605533023271995,1.0
