{
  "model_name": "TCN-MLP Hybrid (Crops Mini, L2=1e-3)",
  "hyperparameters": {
    "l2_regularization": 0.001,
    "dropout": 0.25,
    "n_augmentations": 40,
    "learning_rate": 0.0008,
    "weight_decay": 0.0002,
    "batch_size": 16,
    "epochs": 150,
    "loss": "Huber(delta=0.2)"
  },
  "architecture": {
    "tcn_filters": 28,
    "tcn_kernel": 3,
    "attention_heads": 4,
    "dense_units": [
      20,
      14
    ],
    "total_parameters": 5719
  },
  "performance": {
    "cv_train_r2_mean": 0.8302550254114809,
    "cv_train_r2_std": 0.03320004462014498,
    "cv_val_r2_mean": 0.8205313370846484,
    "cv_val_r2_std": 0.11871904178023379,
    "cv_test_r2_mean": 0.8784585180898249,
    "cv_test_r2_std": 0.06672354086063301,
    "cv_val_mae_mean": 885.8596946502566,
    "final_test_r2": 0.9282082098001943,
    "final_test_mae": 657.801625204943
  },
  "data": {
    "n_total_samples": 600,
    "n_train_samples": 510,
    "n_test_samples": 90,
    "n_augmented_samples": 20910,
    "sequence_length": 12,
    "n_temporal_features": 3,
    "n_regions": 6,
    "n_crops": 4
  }
}