{
  "model_name": "TCN-MLP Hybrid (Crops Mini, L2=1e-3)",
  "hyperparameters": {
    "l2_regularization": 0.001,
    "dropout": 0.25,
    "n_augmentations": 40,
    "learning_rate": 0.0008,
    "weight_decay": 0.0002,
    "batch_size": 16,
    "epochs": 150,
    "loss": "Huber(delta=0.2)"
  },
  "architecture": {
    "tcn_filters": 28,
    "tcn_kernel": 3,
    "attention_heads": 4,
    "dense_units": [
      20,
      14
    ],
    "total_parameters": 6067
  },
  "performance": {
    "cv_train_r2_mean": 0.827670218303426,
    "cv_train_r2_std": 0.03539783160812408,
    "cv_val_r2_mean": 0.8292822016060655,
    "cv_val_r2_std": 0.1129702290076073,
    "cv_test_r2_mean": 0.9222506953644203,
    "cv_test_r2_std": 0.02175489013332123,
    "cv_val_mae_mean": 873.1600655265627,
    "final_test_r2": 0.8910992567909581,
    "final_test_mae": 746.7539260359549
  },
  "data": {
    "n_total_samples": 600,
    "n_train_samples": 510,
    "n_test_samples": 90,
    "n_augmented_samples": 20910,
    "sequence_length": 12,
    "n_temporal_features": 3,
    "n_regions": 6,
    "n_crops": 4
  }
}