{
  "model_name": "TCN-MLP Hybrid (4 Crops, L2=1e-3)",
  "hyperparameters": {
    "l2_regularization": 0.001,
    "dropout": 0.25,
    "n_augmentations": 40,
    "learning_rate": 0.0008,
    "weight_decay": 0.0002,
    "batch_size": 16,
    "epochs": 150,
    "loss": "Huber(delta=0.2)"
  },
  "architecture": {
    "tcn_filters": 28,
    "tcn_kernel": 3,
    "attention_heads": 4,
    "dense_units": [
      20,
      14
    ],
    "total_parameters": 5803
  },
  "performance": {
    "cv_train_r2_mean": 0.8099014709090451,
    "cv_train_r2_std": 0.038667844456360456,
    "cv_val_r2_mean": 0.8091023190671818,
    "cv_val_r2_std": 0.12032504594274543,
    "cv_test_r2_mean": 0.8777719144224687,
    "cv_test_r2_std": 0.025194349650053856,
    "cv_val_mae_mean": 0.9455437461796808,
    "final_test_r2": 0.827436553358261,
    "final_test_mae": 0.8719662179640958
  },
  "data": {
    "n_total_samples": 600,
    "n_train_samples": 510,
    "n_test_samples": 90,
    "n_augmented_samples": 20910,
    "sequence_length": 12,
    "n_temporal_features": 4,
    "n_regions": 6,
    "n_crops": 4
  }
}