Crop,Region,Mean_Yield,Yield_CV,Heat_Sensitivity,Cold_Sensitivity,Drought_Sensitivity,Climate_Sensitivity_Avg,Exposure,Vulnerability_Score,Risk_Level
Cassava,North Central,839.2108516215228,1.1175370194670668,0.1987713860886121,0.2065431790968035,0.09615934213033883,0.1671579691052515,0.4201388888888889,0.4932960536199784,🟠 HIGH
Cassava,North East,649.9497275089791,1.1536564049041573,0.19201585111806155,0.1610772573032846,0.06241118724000317,0.13850143188711642,0.59375,0.5516271739808859,🔴 CRITICAL
Cassava,North West,662.8921004849224,1.0515432962801978,0.19694971086220497,0.17497747414146242,0.07942990217971643,0.15045236239446128,0.4965277777777778,0.4968514912500562,🟠 HIGH
Cassava,South East,973.8685024177406,1.0576600709193194,0.21819446283341012,0.23098336322243826,0.012392708395898707,0.15385684481724904,0.4722222222222222,0.4912355334345072,🟠 HIGH
Cassava,South South,745.1390612603097,1.1252589583887505,0.2047807094247548,0.22089552780103927,0.018021669097403843,0.14789930210773264,0.4479166666666667,0.49724529377361404,🟠 HIGH
Cassava,South West,1041.4115874056172,1.0308768907727017,0.21271741103096467,0.21553781320204518,0.060159347972337594,0.1628048574017825,0.3333333333333333,0.43950783232055507,🟠 HIGH
Yams,North Central,1013.9957818833233,1.0269107019604045,0.21043929156536323,0.2153267594092302,0.0269240576128054,0.1508967028624663,0.4201388888888889,0.4641349677461988,🟠 HIGH
Yams,North East,966.1878136417433,1.0258771376414226,0.20089493590225044,0.1541664117748267,0.06110610356825898,0.13872248374844537,0.59375,0.5197707779097338,🔴 CRITICAL
Yams,North West,830.619206185233,1.0547059674688308,0.19177937215540303,0.17422723133924695,0.0003155749274129141,0.12210739280735429,0.4965277777777778,0.4863041712123716,🟠 HIGH
Yams,South East,925.6327496014492,1.072533849695706,0.20756424779588964,0.2160233269058973,0.035154540900272806,0.1529140385340199,0.4722222222222222,0.4945768556153122,🟠 HIGH
Yams,South South,635.9778300733636,1.0619406721003573,0.21025025817797424,0.2224398742142446,0.022596069164965572,0.15176206718572816,0.4479166666666667,0.4829608282327139,🟠 HIGH
Yams,South West,851.6529664320902,1.0905681219943368,0.1964719982498511,0.1975048548874264,0.11582090429957832,0.1699325858122853,0.3333333333333333,0.457281731490165,🟠 HIGH
