Region,Count,Mean Yield,Std Dev,CV (%),Min,Max
South East,576,949.7506260095948,1010.0988599785824,106.35411362902096,0.0,3735.727468159325
South West,576,946.5322769188538,1006.527702529163,106.33844477080126,0.0,2686.8362403100778
North Central,576,926.6033167524232,993.0477513004124,107.17075293674372,0.0,2813.376462002722
North East,576,808.0687705753612,891.4385557518198,110.3171646043316,0.0,2648.4350800206507
North West,576,746.7556533350777,794.6967733859673,106.41992060412,0.0,2190.4435299497027
South South,576,690.5584456668366,761.9377107827706,110.33645530857373,0.0,2299.518694672644
