Crop,Region,Mean_Yield,Yield_CV,Climate_Sensitivity,Exposure,Vulnerability_Score
Cassava,North Central,839.2108516215228,1.1175370194670668,0.1671579691052515,0.4201388888888889,0.48064700763079654
Cassava,North East,649.9497275089791,1.1536564049041573,0.13850143188711642,0.59375,0.5288647455752418
Cassava,North West,662.8921004849224,1.0515432962801978,0.15045236239446128,0.4965277777777778,0.47954772048089034
Cassava,South East,973.8685024177406,1.0576600709193194,0.15385684481724904,0.4722222222222222,0.4753172645642586
Cassava,South South,745.1390612603097,1.1252589583887505,0.14789930210773264,0.4479166666666667,0.48224442554566727
Cassava,South West,1041.4115874056172,1.0308768907727017,0.1628048574017825,0.3333333333333333,0.43098140852397754
Yams,North Central,1013.9957818833233,1.0269107019604045,0.1508967028624663,0.4201388888888889,0.4506728584448776
Yams,North East,966.1878136417433,1.0258771376414226,0.13872248374844537,0.59375,0.4970194020971561
Yams,North West,830.619206185233,1.0547059674688308,0.12210739280735429,0.4965277777777778,0.4675831519638505
Yams,South East,925.6327496014492,1.072533849695706,0.1529140385340199,0.4722222222222222,0.47861144643090214
Yams,South South,635.9778300733636,1.0619406721003573,0.15176206718572816,0.4479166666666667,0.46815309825866697
Yams,South West,851.6529664320902,1.0905681219943368,0.1699325858122853,0.3333333333333333,0.44911169411411256
