{
  "model_name": "TCN-MLP Hybrid (L2=1e-3)",
  "hyperparameters": {
    "l2_regularization": 0.001,
    "dropout": 0.25,
    "n_augmentations": 40,
    "learning_rate": 0.0008,
    "weight_decay": 0.0002,
    "batch_size": 16,
    "epochs": 150,
    "loss": "Huber(delta=0.2)"
  },
  "architecture": {
    "tcn_filters": 28,
    "tcn_kernel": 3,
    "attention_heads": 4,
    "dense_units": [
      20,
      14
    ],
    "total_parameters": 6931
  },
  "performance": {
    "cv_train_r2_mean": 0.824671890703215,
    "cv_train_r2_std": 0.016221379146632638,
    "cv_val_r2_mean": 0.7447659267339801,
    "cv_val_r2_std": 0.055004035245526335,
    "cv_test_r2_mean": 0.8137127865600522,
    "cv_test_r2_std": 0.04867584750226646,
    "cv_val_mae_mean": 163.10307448592562,
    "final_test_r2": 0.8420669291040696,
    "final_test_mae": 135.61715771186633
  },
  "data": {
    "n_original_samples": 288,
    "n_train_samples": 245,
    "n_test_samples": 43,
    "n_augmented_samples": 10045,
    "sequence_length": 12,
    "n_temporal_features": 3
  }
}